Time,True Solution,Implicit Euler
0,0,0
0.1,0.904837,0.904788
0.2,0.818731,0.818731
0.3,0.740818,0.740818
0.4,0.67032,0.67032
0.5,0.606531,0.606531
0.6,0.548812,0.548812
0.7,0.496585,0.496585
0.8,0.449329,0.449329
0.9,0.40657,0.40657
1,0.367879,0.36788
1.1,0.332871,0.332871
1.2,0.301194,0.301194
1.3,0.272532,0.272532
1.4,0.246597,0.246597
1.5,0.22313,0.22313
1.6,0.201897,0.201897
1.7,0.182684,0.182684
1.8,0.165299,0.165299
1.9,0.149569,0.149569
2,0.135335,0.135335
